BMI_less_than_at_age_21,diabetes_RR,smoking_RR
21,0.586630331,1.1
23,0.586630331,1
25,0.879945497,0.9
27,1.466575828,0.9
40,3.754434119,0.9
