Vigerous exercise at least x per week,diabetes_RR,smoking_RR
<1,1.346801347,1.3
1,1.037037037,1.1
2 to 4,0.835016835,0.9
5 +,0.781144781,0.7
