gender,diabetes_RR,smoking_RR
male,0.709677419,1.129476584
female,1.290322581,0.870523416
