# parents and siblings with diabetes,diabetes_RR
0,0.491959177
1,1.50047549
2,2.528670171
3+,7.295754598
